[{"name":"main","qualifiedName":"main","href":"main/main-library.html","type":"library","overriddenDepth":0,"packageName":"buskz","desc":"жобаның бастау классы"},{"name":"MyApp","qualifiedName":"main.MyApp","href":"main/MyApp-class.html","type":"class","overriddenDepth":0,"packageName":"buskz","desc":"","enclosedBy":{"name":"main","type":"library","href":"main/main-library.html"}},{"name":"MyApp","qualifiedName":"main.MyApp.MyApp","href":"main/MyApp/MyApp.html","type":"constructor","overriddenDepth":0,"packageName":"buskz","desc":"","enclosedBy":{"name":"MyApp","type":"class","href":"main/MyApp-class.html"}},{"name":"build","qualifiedName":"main.MyApp.build","href":"main/MyApp/build.html","type":"method","overriddenDepth":1,"packageName":"buskz","desc":"Describes the part of the user interface represented by this widget.","enclosedBy":{"name":"MyApp","type":"class","href":"main/MyApp-class.html"}},{"name":"main","qualifiedName":"main.main","href":"main/main.html","type":"function","overriddenDepth":0,"packageName":"buskz","desc":"жобаның бастау сабағы","enclosedBy":{"name":"main","type":"library","href":"main/main-library.html"}},{"name":"route","qualifiedName":"route","href":"screens_route/screens_route-library.html","type":"library","overriddenDepth":0,"packageName":"buskz","desc":"бірінші бет"},{"name":"Page1","qualifiedName":"route.Page1","href":"screens_route/Page1-class.html","type":"class","overriddenDepth":0,"packageName":"buskz","desc":"","enclosedBy":{"name":"route","type":"library","href":"screens_route/screens_route-library.html"}},{"name":"Page1","qualifiedName":"route.Page1.Page1","href":"screens_route/Page1/Page1.html","type":"constructor","overriddenDepth":0,"packageName":"buskz","desc":"","enclosedBy":{"name":"Page1","type":"class","href":"screens_route/Page1-class.html"}},{"name":"createState","qualifiedName":"route.Page1.createState","href":"screens_route/Page1/createState.html","type":"method","overriddenDepth":1,"packageName":"buskz","desc":"Creates the mutable state for this widget at a given location in the tree.","enclosedBy":{"name":"Page1","type":"class","href":"screens_route/Page1-class.html"}},{"name":"service_locator","qualifiedName":"service_locator","href":"service_locator/service_locator-library.html","type":"library","overriddenDepth":0,"packageName":"buskz","desc":"Бүкіл жобаға арналған жалғыз нысан"},{"name":"serviceLocator","qualifiedName":"service_locator.serviceLocator","href":"service_locator/serviceLocator.html","type":"top-level property","overriddenDepth":0,"packageName":"buskz","desc":"Бүкіл жоба үшін жалғыз сілтеме нысаны","enclosedBy":{"name":"service_locator","type":"library","href":"service_locator/service_locator-library.html"}},{"name":"serviceLocatorSetup","qualifiedName":"service_locator.serviceLocatorSetup","href":"service_locator/serviceLocatorSetup.html","type":"function","overriddenDepth":0,"packageName":"buskz","desc":"Жоба үшін синглтондарды тіркеу әдісі","enclosedBy":{"name":"service_locator","type":"library","href":"service_locator/service_locator-library.html"}},{"name":"ticket","qualifiedName":"ticket","href":"ticket/ticket-library.html","type":"library","overriddenDepth":0,"packageName":"buskz","desc":"МОдель конструктор BusTicket"},{"name":"BusTicket","qualifiedName":"ticket.BusTicket","href":"ticket/BusTicket-class.html","type":"class","overriddenDepth":0,"packageName":"buskz","desc":"","enclosedBy":{"name":"ticket","type":"library","href":"ticket/ticket-library.html"}},{"name":"BusTicket","qualifiedName":"ticket.BusTicket.BusTicket","href":"ticket/BusTicket/BusTicket.html","type":"constructor","overriddenDepth":0,"packageName":"buskz","desc":"","enclosedBy":{"name":"BusTicket","type":"class","href":"ticket/BusTicket-class.html"}},{"name":"busId","qualifiedName":"ticket.BusTicket.busId","href":"ticket/BusTicket/busId.html","type":"property","overriddenDepth":0,"packageName":"buskz","desc":"","enclosedBy":{"name":"BusTicket","type":"class","href":"ticket/BusTicket-class.html"}},{"name":"discount","qualifiedName":"ticket.BusTicket.discount","href":"ticket/BusTicket/discount.html","type":"property","overriddenDepth":0,"packageName":"buskz","desc":"","enclosedBy":{"name":"BusTicket","type":"class","href":"ticket/BusTicket-class.html"}},{"name":"discountType","qualifiedName":"ticket.BusTicket.discountType","href":"ticket/BusTicket/discountType.html","type":"property","overriddenDepth":0,"packageName":"buskz","desc":"","enclosedBy":{"name":"BusTicket","type":"class","href":"ticket/BusTicket-class.html"}},{"name":"discountedPrice","qualifiedName":"ticket.BusTicket.discountedPrice","href":"ticket/BusTicket/discountedPrice.html","type":"property","overriddenDepth":0,"packageName":"buskz","desc":"","enclosedBy":{"name":"BusTicket","type":"class","href":"ticket/BusTicket-class.html"}},{"name":"distance","qualifiedName":"ticket.BusTicket.distance","href":"ticket/BusTicket/distance.html","type":"property","overriddenDepth":0,"packageName":"buskz","desc":"","enclosedBy":{"name":"BusTicket","type":"class","href":"ticket/BusTicket-class.html"}},{"name":"from","qualifiedName":"ticket.BusTicket.from","href":"ticket/BusTicket/from.html","type":"property","overriddenDepth":0,"packageName":"buskz","desc":"","enclosedBy":{"name":"BusTicket","type":"class","href":"ticket/BusTicket-class.html"}},{"name":"BusTicket.fromJson","qualifiedName":"ticket.BusTicket.fromJson","href":"ticket/BusTicket/BusTicket.fromJson.html","type":"constructor","overriddenDepth":0,"packageName":"buskz","desc":"КОнвертация json-нан","enclosedBy":{"name":"BusTicket","type":"class","href":"ticket/BusTicket-class.html"}},{"name":"id","qualifiedName":"ticket.BusTicket.id","href":"ticket/BusTicket/id.html","type":"property","overriddenDepth":0,"packageName":"buskz","desc":"","enclosedBy":{"name":"BusTicket","type":"class","href":"ticket/BusTicket-class.html"}},{"name":"isDiscounted","qualifiedName":"ticket.BusTicket.isDiscounted","href":"ticket/BusTicket/isDiscounted.html","type":"property","overriddenDepth":0,"packageName":"buskz","desc":"","enclosedBy":{"name":"BusTicket","type":"class","href":"ticket/BusTicket-class.html"}},{"name":"price","qualifiedName":"ticket.BusTicket.price","href":"ticket/BusTicket/price.html","type":"property","overriddenDepth":0,"packageName":"buskz","desc":"","enclosedBy":{"name":"BusTicket","type":"class","href":"ticket/BusTicket-class.html"}},{"name":"to","qualifiedName":"ticket.BusTicket.to","href":"ticket/BusTicket/to.html","type":"property","overriddenDepth":0,"packageName":"buskz","desc":"","enclosedBy":{"name":"BusTicket","type":"class","href":"ticket/BusTicket-class.html"}},{"name":"toJson","qualifiedName":"ticket.BusTicket.toJson","href":"ticket/BusTicket/toJson.html","type":"method","overriddenDepth":0,"packageName":"buskz","desc":"Конвертация в json-га","enclosedBy":{"name":"BusTicket","type":"class","href":"ticket/BusTicket-class.html"}},{"name":"ticket_store","qualifiedName":"ticket_store","href":"stores_ticket_store/stores_ticket_store-library.html","type":"library","overriddenDepth":0,"packageName":"buskz","desc":"Синглтон үшін әдістерді белгілеуге арналған дерексіз класс"},{"name":"TicketStore","qualifiedName":"ticket_store.TicketStore","href":"stores_ticket_store/TicketStore-class.html","type":"class","overriddenDepth":0,"packageName":"buskz","desc":"","enclosedBy":{"name":"ticket_store","type":"library","href":"stores_ticket_store/stores_ticket_store-library.html"}},{"name":"TicketStore","qualifiedName":"ticket_store.TicketStore.TicketStore","href":"stores_ticket_store/TicketStore/TicketStore.html","type":"constructor","overriddenDepth":0,"packageName":"buskz","desc":"","enclosedBy":{"name":"TicketStore","type":"class","href":"stores_ticket_store/TicketStore-class.html"}},{"name":"addTicket","qualifiedName":"ticket_store.TicketStore.addTicket","href":"stores_ticket_store/TicketStore/addTicket.html","type":"method","overriddenDepth":1,"packageName":"buskz","desc":"билеттер тізіміне ticket массивіне қосу","enclosedBy":{"name":"TicketStore","type":"class","href":"stores_ticket_store/TicketStore-class.html"}},{"name":"getTickets","qualifiedName":"ticket_store.TicketStore.getTickets","href":"stores_ticket_store/TicketStore/getTickets.html","type":"method","overriddenDepth":0,"packageName":"buskz","desc":"Кэштен деректер мен билеттерді алу (құрылғы жады)","enclosedBy":{"name":"TicketStore","type":"class","href":"stores_ticket_store/TicketStore-class.html"}},{"name":"selectedBusTicket","qualifiedName":"ticket_store.TicketStore.selectedBusTicket","href":"stores_ticket_store/TicketStore/selectedBusTicket.html","type":"property","overriddenDepth":0,"packageName":"buskz","desc":"Деректерді өзгертуге арналған модель","enclosedBy":{"name":"TicketStore","type":"class","href":"stores_ticket_store/TicketStore-class.html"}},{"name":"tickets","qualifiedName":"ticket_store.TicketStore.tickets","href":"stores_ticket_store/TicketStore/tickets.html","type":"property","overriddenDepth":0,"packageName":"buskz","desc":"Өзгерістерді тыңдайтын ағыны бар сатып алынған билеттер массиві","enclosedBy":{"name":"TicketStore","type":"class","href":"stores_ticket_store/TicketStore-class.html"}},{"name":"toString","qualifiedName":"ticket_store.TicketStore.toString","href":"stores_ticket_store/TicketStore/toString.html","type":"method","overriddenDepth":1,"packageName":"buskz","desc":"A string representation of this object.","enclosedBy":{"name":"TicketStore","type":"class","href":"stores_ticket_store/TicketStore-class.html"}},{"name":"tickets","qualifiedName":"tickets","href":"screens_tickets/screens_tickets-library.html","type":"library","overriddenDepth":0,"packageName":"buskz","desc":"билет таңдау беті"},{"name":"RoutesPage","qualifiedName":"tickets.RoutesPage","href":"screens_tickets/RoutesPage-class.html","type":"class","overriddenDepth":0,"packageName":"buskz","desc":"","enclosedBy":{"name":"tickets","type":"library","href":"screens_tickets/screens_tickets-library.html"}},{"name":"RoutesPage","qualifiedName":"tickets.RoutesPage.RoutesPage","href":"screens_tickets/RoutesPage/RoutesPage.html","type":"constructor","overriddenDepth":0,"packageName":"buskz","desc":"","enclosedBy":{"name":"RoutesPage","type":"class","href":"screens_tickets/RoutesPage-class.html"}},{"name":"build","qualifiedName":"tickets.RoutesPage.build","href":"screens_tickets/RoutesPage/build.html","type":"method","overriddenDepth":1,"packageName":"buskz","desc":"Describes the part of the user interface represented by this widget.","enclosedBy":{"name":"RoutesPage","type":"class","href":"screens_tickets/RoutesPage-class.html"}},{"name":"calculatePrice","qualifiedName":"tickets.RoutesPage.calculatePrice","href":"screens_tickets/RoutesPage/calculatePrice.html","type":"method","overriddenDepth":0,"packageName":"buskz","desc":"","enclosedBy":{"name":"RoutesPage","type":"class","href":"screens_tickets/RoutesPage-class.html"}},{"name":"getTimeLeft","qualifiedName":"tickets.RoutesPage.getTimeLeft","href":"screens_tickets/RoutesPage/getTimeLeft.html","type":"method","overriddenDepth":0,"packageName":"buskz","desc":"","enclosedBy":{"name":"RoutesPage","type":"class","href":"screens_tickets/RoutesPage-class.html"}},{"name":"routes","qualifiedName":"tickets.RoutesPage.routes","href":"screens_tickets/RoutesPage/routes.html","type":"property","overriddenDepth":0,"packageName":"buskz","desc":"","enclosedBy":{"name":"RoutesPage","type":"class","href":"screens_tickets/RoutesPage-class.html"}},{"name":"ticketStore","qualifiedName":"tickets.RoutesPage.ticketStore","href":"screens_tickets/RoutesPage/ticketStore.html","type":"property","overriddenDepth":0,"packageName":"buskz","desc":"","enclosedBy":{"name":"RoutesPage","type":"class","href":"screens_tickets/RoutesPage-class.html"}}]
